Index,Speaker,Korean,English,Japanese
string,string,string,string,string
Augment_Firepower_Desc,,"공격속도가 <b><color=#22da22>[A]% 증가</color></b></b>하지만, 공격 사거리가 <b><color=#ff9595>[B]% 감소</color></b></b>합니다.",-,
Augment_Firepower_Name,,화력,,
Augment_Delicate_Desc,,"공격력과 사거리가 <b><color=#22da22>[A]% 증가</color></b>하지만, 공격 속도가 <b><color=#ff9595>[B]% 감소</color></b>합니다.",,
Augment_Delicate_Name,,정교함,,
Augment_Improve_Damage_Desc,,공격력이 <b><color=#22da22>[A]% 증가</color></b>합니다.,,
Augment_Improve_Damage_Name,,공격력 증진,,
Augment_Stability_Desc,,"체력이 [A]% 이상일 때, 공격력이 <b><color=#22da22>[B]% 증가</color></b>합니다.",,
Augment_Stability_Name,,안정성,,
Augment_GlassCannon_Desc,,"공격력이 <b><color=#22da22>[A}% 증가하지만, 모든 차량 체력이 <b><color=#ff9595>[B]% 감소</color></b>합니다.",,
Augment_GlassCannon_Name,,유리대포,,
Augment_Improve_Generation_Desc,,"발전 차량의 발전량이 <b><color=#22da22>[A]% 증가</color></b>하지만, 동력석 소모량이 <b><color=#ff9595> [B}% 증가</color></b>합니다.",,
Augment_Improve_Generation_Name,,발전 효율 개선,,
Augment_Improve_Hp_Desc,,모든 차량 체력이 <b><color=#22da22>[A]% 증가</color></b>합니다.,,
Augment_Improve_Hp_Name,,내구도 증진,,
Augment_Defensive_Posture_Desc,,"모든 차량 방어력이 <b><color=#22da22>[A] 증가</color></b>하지만, 공격력이 [B]% 감소</color></b>합니다.",,
Augment_Defensive_Posture_Name,,방어 태세,,
Augment_Improve_Hardness_Desc,,"모든 차량 방어력이 <b><color=#22da22>[A] 증가</color></b>하지만, 최대 체력이 [B]% 감소</color></b>합니다.",,
Augment_Improve_Hardness_Name,,경도 업그레이드,,
Augment_Improve_Output_Desc,,열차의 이동속도가 <b><color=#22da22>[A]% 증가</color></b>합니다.,,
Augment_Improve_Output_Name,,출력 업그레이드,,
Augment_Improve_PowerEfficiency_Desc,,"모든 차량 업그레이드 및 제작 비용이 <b><color=#ff9595>[A]% 증가</color></b>하지만, 동력석 소모량이 <b><color=#22da22>[B]% 감소</color></b>합니다.",,
Augment_Improve_PowerEfficiency_Name,,동력 효율 개선,,
Augment_Improve_GenerationEfficiency_Desc,,"모든 차량의 전력 소모량이 <b><color=#22da22>[A] 감소</color></b>하지만, 열차 이동속도가 <b><color=#ff9595>[B]% 감소</color></b>합니다.",,
Augment_Improve_GenerationEfficiency_Name,,전력 효율 개선,,
Augment_Nano_Machine_Desc,,"모든 차량의 최대 체력이 <b><color=#22da22>[A]% 감소</color></b>하지만, 초당 최대체력의 <b><color=#22da22> [B]% 씩 재생</color></b>합니다.",,
Augment_Nano_Machine_Name,,나노 머신,,
Augment_CenterOfGravity_Desc,,차량 정지 시 공격력이 <b><color=#22da22>[A}% 증가</color></b>합니다. 이동 중에는 공격력이 <b><color=#ff9595>[B}% 감소</color></b>합니다.,,
Augment_CenterOfGravity_Name,,무게 중심,,
Augment_Improve_Scrap_Desc,,"채집 드론의 이동속도와 채집량이 <b><color=#22da22>[A]% 증가하지만, 채집 차량의 체력이 <b><color=#ff9595>[B}% 감소</color></b>합니다.",,
Augment_Improve_Scrap_Name,,채지 로봇 개선,,
Augment_AdaptEnvironment_Desc,,모든 환경 지대의 효과에 <b><color=#FFC400>면역</color></b>됩니다.,,
Augment_AdaptEnvironment_Name,,환경 적응력,,
Augment_OrbitalBomber_Desc,,[A]초마다 <b><color=#FFC400>광역 공격</color></b>을 가합니다.,,
Augment_OrbitalBomber_Name,,위성 폭격,,
Augment_Mine_Desc,,"적을 감지하면 <b><color=#FFC400>폭발하는 지뢰</color></b>를 발사하지만, 공격속도가 <b><color=#ff9595>[A]% 감소</color></b>합니다.",,
Augment_Mine_Name,,지뢰 발사기,,
Augment_Maintenance_Desc,,"전투 종료 시, 차량의 체력이 <b><color=#FFC400>[A}% 이하</color></b>일 경우 <b><color=#22da22>[A}%까지 회복</color></b>합니다.",,
Augment_Maintenance_Name,,재정비,,
Augment_Improve_Armor_Desc,,방어력이 <b><color=#22da22> [A] 증가</color></b>합니다.,,
Augment_Improve_Armor_Name,,방어력 증진,,
Browser_Augment,,증강체,,
Browser_Map,,지도,,
Browser_Map_MassOfResources,,자원,,
Browser_Map_Outpost,,적 전초기지,,
Browser_Map_Repair_Shop,,정비소,,
Browser_Map_Start,,시작지점,,
Browser_Map_Unknown,,미지,,
Browser_Map_WanderingMerchant,,떠돌이 상인,,
Browser_Train,,열차 세부 정보,,
Car_CombatComp_0_Default_Desc,,포탑을 장착한 기본 전투 차량입니다.,,
Car_CombatComp_0_Default,,전투 차량,,
Car_CombatComp_1_AtkPower_Desc,,포탑의 <b><color=#22da22>공격력을 강화</b></color>합니다.,,
Car_CombatComp_1_AtkPower,,공격력 강화,,
Car_CombatComp_1_AtkSpeed_Desc,,포탑의 <b><color=#22da22>공격 속도를 강화</b></color>합니다.,,
Car_CombatComp_1_AtkSpeed,,공격속도 강화,,
Car_CombatComp_2_Drone_Desc,,포탑 대신 <b><color=#22da22>전투 드론을 사출</b></color>하여 공격합니다.,,
Car_CombatComp_2_Drone,,드론 사출기,,
Car_CombatComp_2_Machinegun_Desc,, 공격 속도가 빠른 <b><color=#22da22>기관포</b></color>를 장착합니다.,,
Car_CombatComp_2_Machinegun,,기관포 I,,
Car_CombatComp_2_Shotgun_Desc,,사거리가 짧지만 강력한 <b><color=#22da22>산탄포</b></color>를 장착합니다.,,
Car_CombatComp_2_Shotgun,,산탄포 I,,
Car_CombatComp_2_Sniper_Desc,,긴 사거리의<b><color=#22da22> 저격포</b></color>를 장착합니다.,,
Car_CombatComp_2_Sniper,,저격포,,
Car_CombatComp_3_DronePower_Desc,,사출하는 드론의 <b><color=#22da22>전투 능력이 강화</b></color>됩니다.,,
Car_CombatComp_3_DronePower,,드론 화력 강화,,
Car_CombatComp_3_DroneSwarm_Desc,,사출하는 드론의 <b><color=#22da22>최대 숫자가 증가</b></color>합니다.,,
Car_CombatComp_3_DroneSwarm,,드론 격납고 확장,,
Car_CombatComp_3_Flamethrower_Desc,,포탑에 화염을 발사하는 <b><color=#22da22>화염방사기</b></color>를 장착합니다.,,
Car_CombatComp_3_Flamethrower,,화염 방사기,,
Car_CombatComp_3_Machinegun_Desc,,기관포의 <b><color=#22da22>성능을 강화</b></color> 합니다.,,
Car_CombatComp_3_Machinegun,,기관포 II,,
Car_CombatComp_3_Minigun_Desc,,연사력을 극한으로 끌어올린 <b><color=#22da22>미니건</b></color>을 장착합니다. 미니건은 일정시간을 공격한 후 냉각 시간을 가집니다.,,
Car_CombatComp_3_Minigun,,미니건,,
Car_CombatComp_3_Mortar_Desc,,넓은 지역에 범위 공격을 가하는 <b><color=#22da22>박격포</b></color>를 장착합니다.,,
Car_CombatComp_3_Mortar,,박격포,,
Car_CombatComp_3_Shotgun_Desc,,산탄포의 <b><color=#22da22>성능을 강화</b></color>합니다.,,
Car_CombatComp_3_Shotgun,,산탄포 II,,
Car_CombatComp_3_Sniper_Desc,,저격포를 <b><color=#22da22>레일건으로 강화</b></color>합니다.,,
Car_CombatComp_3_Sniper,,레일건,,
Car_CombatComp_4_DronePower_Desc,,사출하는 드론의 <b><color=#22da22>전투 능력을 강화</b></color>합니다.,,
Car_CombatComp_4_DronePower,,드론 화력 강화,,
Car_CombatComp_4_DroneSwarm_Desc,,사출하는 드론의 <b><color=#22da22>최대 숫자가 증가</b></color>합니다.,,
Car_CombatComp_4_DroneSwarm,,드론 격납 수 확장,,
Car_CombatComp_4_Flamethrower_Desc,,화염방사기가 공격한 영역에 <b><color=#22da22>화염 지대를 생성</b></color>합니다.,,
Car_CombatComp_4_Flamethrower,,화염 지대 생성,,
Car_CombatComp_4_Machinegun_Desc,,기관포가 <b><color=#22da22>저지력을 획득</b></color>합니다.,,
Car_CombatComp_4_Machinegun,,저지력 획득,,
Car_CombatComp_4_Minigun_Desc,,미니건의 <b><color=#22da22>연사력이 증가</b></color>합니다.,,
Car_CombatComp_4_Minigun,,연사력 강화,,
Car_CombatComp_4_Mortar_Desc,,박격포의 탄착지점에 <b><color=#22da22>둔화 영역을 생성</b></color>합니다.,,
Car_CombatComp_4_Mortar,,둔화 지대 생성,,
Car_CombatComp_4_Shotgun_Desc,,산탄포가 <b><color=#22da22>저지력을 획득</b></color>합니다.,,
Car_CombatComp_4_Shotgun,,저지력 획득,,
Car_CombatComp_4_Sniper_Desc,,레일건이 <b><color=#22da22>관통력을 획득</b></color>합니다.,,
Car_CombatComp_4_Sniper,,관통력 획득,,
Car_EngineComp_0_Default_Desc,,열차를 견인하는 강력한 엔진 차량입니다.,,
Car_EngineComp_0_Default,,엔진 I,,
Car_EngineComp_1_Durability_Desc,,엔진 차량의 내구도가 증가합니다. 차량 업그레이드가 2강까지 가능합니다.,,
Car_EngineComp_1_Durability,,엔진 II,,
Car_EngineComp_2_EngineDurability_Desc,,<b><color=#FFC400>엔진 차량</b></color>의 <b><color=#22da22>체력이 증가</b></color>합니다.,,
Car_EngineComp_2_EngineDurability,,엔진 내구도 강화,,
Car_EngineComp_2_ModuleDurability_Desc,,<b><color=#FFC400>전체 차량</b></color>의 <b><color=#22da22>체력이 증가</b></color>합니다.,,
Car_EngineComp_2_ModuleDurability,,모든 차량 내구도 강화,,
Car_EngineComp_3_Generator_Desc,,<b><color=#FFC400>모든 차량</b></color>의 <b><color=#22da22>동력석 소모가 [A]% 감소</b></color>합니다.,,
Car_EngineComp_3_Generator,,엔진 구조 개선,,
Car_EngineComp_3_MaxModule_Desc,,<b><color=#FFC400>엔진 차량</b></color>의 <b><color=#22da22>체력이 증가</b></color>합니다.,,
Car_EngineComp_3_MaxModule,,엔진 출력 강화,,
Car_EngineComp_3_Shield_Desc,,주 엔진에 <b><color=#FFC400>방어막 생성기</b></color>를 장착합니다.,,
Car_EngineComp_3_Shield,,방어막 생성기,,
Car_EngineComp_3_Turret_Desc,,주 엔진에 <b><color=#FFC400>포탑을 장착</b></color>합니다.,,
Car_EngineComp_3_Turret,,포탑 장착,,
Car_EngineComp_4_Generator_Desc,,모든 차량이 <b><color=#22da22>동력석을 소모하지 않습니다.</b></color>,,
Car_EngineComp_4_Generator,,반영구 동력,,
Car_EngineComp_4_MaxModule_Desc,,최대 차량의 수가 <b><color=#22da22>[A] 증가</b></color>합니다.,,
Car_EngineComp_4_MaxModule,,엔진 출력 강화,,
Car_EngineComp_4_Pager_Desc,,포탑 대신 <b><color=#FFC400>위성 폭격 호출기</b></color>를 장착합니다.,,
Car_EngineComp_4_Pager,,위성 폭격 호출기,,
Car_EngineComp_4_Regeneration_Desc,,모든 차량에 <b><color=#FFC400>체력 재생력</b></color>을 부여합니다.,,
Car_EngineComp_4_Regeneration,,나노 로봇 배치,,
Car_EngineComp_4_Shield_Desc,,모든 차량에 <b><color=#FFC400>방어막</b></color>을 부여합니다.,,
Car_EngineComp_4_Shield,,방어막 생성기 양산,,
Car_EngineComp_4_SplashTurret_Desc,,포탑이 <b><color=#FFC400>스플래쉬 데미지</b></color>를 줍니다.,,
Car_EngineComp_4_SplashTurret,,스플래쉬 강화,,
Car_GeneratorComp_0_Default_Desc,,주변에 전력을 공급하는 발전 차량입니다.,,
Car_GeneratorComp_0_Default,,발전 차량,,
Car_GeneratorComp_1_Default_Desc,,회로를 개선해 발전 효율을 증가시킵니다. 전기 생산량이 <b><color=#22da22>[A] 증가</b></color>합니다.,,
Car_GeneratorComp_1_Default,,발전 차량 II,,
Car_GeneratorComp_2_Default_Desc,,"회로를 개선해 발전 효율을 증가시킵니다. 전기 생산량이 <b><color=#22da22>[A] 증가</b></color>하고, 송전 거리가 <b><color=#22da22>[B]칸으로 증가</b></color>합니다.",,
Car_GeneratorComp_2_Default,,발전 차량 III,,
Car_GeneratorComp_3_Default_Desc,,회로를 개선해 발전 효율을 증가시킵니다. 전기 생산량이 <b><color=#22da22>[A] 증가</b></color>합니다.,,
Car_GeneratorComp_3_Default,,발전 차량 IV,,
Car_GeneratorComp_4_Default_Desc,,"회로를 개선해 발전 효율을 증가시킵니다. 전기 생산량이 <b><color=#22da22>[A] 증가</b></color>하고, 송전 거리가 <b><color=#FFC400>[B]칸으로 증가</b></color>합니다.",,
Car_GeneratorComp_4_Default,,발전 차량 V,,
Car_ScrapperComp_0_Default_Desc,,드론을 사출하여 자원을 채집하는 차량입니다.,,
Car_ScrapperComp_0_Default,,채집 차량,,
Car_ScrapperComp_1_Distance_Desc,,드론을 개선하여 <b><color=#22da22>채집 거리를 증가</b></color>시킵니다.,,
Car_ScrapperComp_1_Distance,,채집 최대 거리 증가,,
Car_ScrapperComp_1_Speed_Desc,,드론을 개선하여 <b><color=#22da22>채집 속도를 증가</b></color>시킵니다.,,
Car_ScrapperComp_1_Speed,,채집 속도 증가,,
Car_ScrapperComp_2_DroneUpgrade_Desc,,"채집 드론의 <b><color=#22da22>채집 속도, 이동 속도, 운반량이 증가</b></color>합니다.",,
Car_ScrapperComp_2_DroneUpgrade,,채집 드론 강화 I,,
Car_ScrapperComp_2_Laser_Desc,,드론이 아닌 <b><color=#FFC400>레이저 채굴기</b></color>를 사용합니다.,,
Car_ScrapperComp_2_Laser,,레이저 채굴기 I,,
Car_ScrapperComp_3_DroneUpgrade_Desc,,"채집 드론의 <b><color=#22da22>채집 속도, 이동 속도, 운반량이 증가</b></color>합니다.",,
Car_ScrapperComp_3_DroneUpgrade,,채집 드론 강화 II,,
Car_ScrapperComp_3_Laser_Desc,,레이저 채굴기가 <b><color=#FFC400>여러 광물을 동시에 채굴</b></color>할 수 있습니다.,,
Car_ScrapperComp_3_Laser,,레이저 채굴기 II,,
Car_ScrapperComp_4_DroneUpgrade_Desc,,"채집 드론의 <b><color=#22da22>채집 속도, 이동 속도, 운반량이 증가</b></color>합니다.",,
Car_ScrapperComp_4_DroneUpgrade,,채집 드론 강화 III,,
Car_ScrapperComp_4_Laser_Desc,,레이저 채굴기의 <b><color=#22da22>채굴 속도가 증가</b></color>합니다.,,
Car_ScrapperComp_4_Laser,,레이저 채굴기 III,,
Car_ScrapperComp_0_Desc,,드론을 사출하여 자원을 채집하는 차량입니다.,,
Car_ScrapperComp_0,,채집 차량,,
Car_UtilityComp_0_Default_Desc,,배치 시 인근 차량에 방어막을 제공합니다.,,
Car_UtilityComp_0_Default,,지원 차량,,
Car_UtilityComp_1_AtkPower_Desc,,인접 [A]칸 차량의 공격력이 <b><color=#22da22>[B]% 증가</b></color>합니다.,,
Car_UtilityComp_1_AtkPower,,공격력 버프,,
Car_UtilityComp_1_Shield_Desc,,인접 [A]칸 차량에 <b><color=#22da22> [B]의 방어막을 제공 </b></color>합니다.,,
Car_UtilityComp_1_Shield,,방어막 II,,
Car_UtilityComp_2_AtkDistance_Desc,,인접 [A]칸 차량의 공격력과 공격 사거리가 <b><color=#22da22>[B]% 증가</b></color>합니다.,,
Car_UtilityComp_2_AtkDistance,,보정기 I,,
Car_UtilityComp_2_AtkSpeed_Desc,,인접 [A]칸 차량의 공격력과 공격 속도가 <b><color=#22da22>[B]% 증가</b></color>합니다.,,
Car_UtilityComp_2_AtkSpeed,,가속기 I,,
Car_UtilityComp_2_Heal_Desc,,인접 [A]칸 내 가장 많이 손상된 차량을 <b><color=#FFC400>지속적으로 회복</b></color>시킵니다.,,
Car_UtilityComp_2_Heal,,나노 재생기 I,,
Car_UtilityComp_2_Shield_Desc,,[[A]칸 사이즈의 <b><color=#FFC400>방어막</b></color>을 전개합니다.,,
Car_UtilityComp_2_Shield,,방어막 전개기 I,,
Car_UtilityComp_3_AtkDistance_Desc,,인접 [A]칸 차량의 공격력과 공격 사거리가 <b><color=#22da22>[B]% 증가</b></color>합니다.,,
Car_UtilityComp_3_AtkDistance,,보정기 II,,
Car_UtilityComp_3_AtkSpeed_Desc,,인접 [A]칸 차량의 공격력과 공격 속도가 <b><color=#22da22>[B]% 증가</b></color>합니다.,,
Car_UtilityComp_3_AtkSpeed,,가속기 II,,
Car_UtilityComp_3_Heal_Desc,,<b><color=#22da22>회복량이 증가</b></color>합니다.,,
Car_UtilityComp_3_Heal,,나노 재생기 II,,
Car_UtilityComp_3_Shield_Desc,,3칸 사이즈의 <b><color=#FFC400>방어막</b></color>을 전개합니다.,,
Car_UtilityComp_3_Shield,,방어막 전개기 II,,
Car_UtilityComp_4_Fire_Desc,,공격에 <b><color=#FFC400>화염 속성</b></color>을 부여합니다.,,
Car_UtilityComp_4_Fire,,화염 속성 부여,,
Car_UtilityComp_4_Heal_Desc,,인접 [A]칸 내 <b><color=#FFC400>손상된 차량을 동시에 회복</b></color>할 수 있습니다.,,
Car_UtilityComp_4_Heal,,나노 재생기 III,,
Car_UtilityComp_4_Shield_Desc,,[A]칸 사이즈의 <b><color=#FFC400>방어막</b></color>을 전개합니다. <b><color=#22da22>방어막의 양이 증가</b></color>합니다.,,
Car_UtilityComp_4_Shield,,방어막 전개기 III,,
Car_UtilityComp_4_Slow_Desc,,공격에 <b><color=#FFC400>둔화 효과</b></color>를 부여합니다.,,
Car_UtilityComp_4_Slow,,둔화 효과 부여,,
Choice_Attack_AugmentMerchant,,<b><color=#ff9595>*증강체 상인이 당신을 적대합니다.</color></b>,,
Choice_Attack_WanderingMerchant,,<b><color=#ff9595>*떠돌이 상인이 당신을 적대합니다.</color></b>,,
Choice_Augment_RepairCar,,(수리 차량) <b><color=#FFC400>수리 차량</b></color>의 장비를 사용해 증강체 수리하기,,
Choice_Caravan_RepairCar,,(수리 차량) <b><color=#FFC400>수리 차량</b></color>을 이용해 도움주기,,
Choice_Common_Accept,,수락하기,,
Choice_Common_Attack,,공격하기,,
Choice_Common_Confirm,,확인,,
Choice_Common_Embrass,,이런!,,
Choice_Common_Get,,습득하기,,
Choice_Common_Help,,도움주기,,
Choice_Common_Ignore,,무시하기,,
Choice_Common_Interaction,,상호작용,,
Choice_Common_Looting,,약탈하기,,
Choice_Common_Operate,,작동시키기,,
Choice_Common_Preparecombat,,전투 준비!,,
Choice_Common_Repair,,수리하기,,
Choice_Common_Research,,조사하기,,
Choice_Common_Trade,,거래하기,,
Choice_Looting_Caravan,,<b><color=#ff9595>*횡단자 집단이 당신을 적대합니다.</color></b>,,
Choice_Looting_Evacuee,,<b><color=#ff9595>*피난민이 당신을 적대합니다.</color></b>,,
Choice_Manipulator_Generator,,(발전 차량)  <b><color=#FFC400>발전 차량</b></color>을 이용해 전기 공급하기.,,
Choice_Manipulator_RepairCar,,(수리 차량) <b><color=#FFC400>수리 차량</b></color>을 이용해 발전 장비 고치기,,
Choice_WasteModule_RepairCar,,(수리 차량) <b><color=#FFC400>수리 차량</b></color>의 장비를 사용해 모듈 수리하기,,
Context_Menu_Build,,차량 건설,,
Context_Menu_Build_Desc,,자원을 소모하여 차량을 건설합니다.,,
Context_Menu_Build_CombatComp,,전투 차량,,
Context_Menu_Build_GeneratorComp,,발전 차량,,
Context_Menu_Build_ScrapperComp,,채집 차량,,
Context_Menu_Build_UtilityComp,,지원 차량,,
Context_Menu_Attack_Target_Selector,,강제 공격 대상을 지정하세요. \n 확인: <key_confirm>,,
Context_Menu_Common_Cancel,,취소,,
Context_Menu_Common_Cancel_Desc,,컨텍스트 메뉴를 종료합니다.,,
Context_Menu_Common_Confirm,,확인,,
Context_Menu_Common_Select,,선택,,
Context_Menu_Train_Move,,이동,,
Context_Menu_Train_Stop,,정지,,
Context_Menu_Train_MoveToggle,,이동 토글,,
Context_Menu_Train_MoveToggle_Desc,,이동/정지 상태를 변경합니다.,,
Context_Menu_Train_Scrap,,전체 채집,,
Context_Menu_Train_Scrap_Desc,,모든 채집 차량에 채집 명령을 내립니다.,,
Context_Menu_Train_Attack,,전체 강제 공격,,
Context_Menu_Train_Attack_Desc,,모든 전투 차량의 강제 공격 대상을 지정합니다.,,
Context_Menu_Demolish,,차량 철거,,
Context_Menu_Demolish_Cancel,,철거 취소,,
Context_Menu_Demolish_Desc,,차량을 철거합니다. \n <b><color=#ff9595>차량 잔해는 철거해도 자원을 되돌려 받을 수 없습니다!</b></color>,,
Context_Menu_Demolish_Question,,[A]번 차량을 철거하시겠습니까?,,
Context_Menu_Reorder,,재배치,,
Context_Menu_Reorder_Desc,,차량의 순서를 변경합니다.,,
Context_Menu_Reorder_Overlay,,재배치 지점을 선택하세요. \n 확인: <key_confirm>,,
Context_Menu_Reorder_Impossibility,,전투 중에는 재배치가 불가능합니다.,,
Context_Menu_Repair,,차량 수리,,
Context_Menu_Repair_Cancel,,수리 취소,,
Context_Menu_Repair_Desc,,차량의 손상을 수리합니다.,,
Context_Menu_Repair_Desc_CircuitBreakage,,<b><color=#ff9595>*이 차량은 현재 회로 파손 상태입니다! 수리에 회로를 소모합니다.</color></b>,,
Context_Menu_Repair_Circuit,,회로 수리,,
Context_Menu_Restore,,차량 복구,,
Context_Menu_Restore_Cancel,,복구 취소,,
Context_Menu_Attack,,강제 공격,,
Context_Menu_Attack_Desc,,강제 공격 대상을 지정합니다.,,
Context_Menu_Scrap,,자원 채집,,
Context_Menu_Scrap_Desc,,선택한 자원을 채집합니다.,,
Context_Menu_Scrap_Select_Desc_Pad,,채집할 자원 선택: <key_confirm> \n 확정: <key_apply> \n 취소: <key_cancle>,,
Context_Menu_Scrap_Select_Desc_Mouse,,채집할 자원 선택: <key_mouse_left> or <key_mouse_left> x2 \n 확정: <key_apply> \n 취소: <key_cancle>,,
Context_Menu_Select_Description,,선택: 마우스 이동 / R스틱 이동 및 릴리즈 \n 결정: 좌클릭 / <key_confirm> / D패드 릴리즈,,
Context_Menu_Upgrade,,업그레이드,,
Context_Menu_Upgrade_Desc,,자원을 소모하여 차량을 업그레이드 합니다.,,
Context_Menu_Resource_Desc,,소모: ,,
Context_Menu_Effect_Offset,,효과 범위 변경,,
Context_Menu_Effect_Offset_Desc,,효과를 적용할 범위를 변경합니다.,,
Context_Menu_Wreckage,,자량 잔해,,
Context_Menu_Electric_Change,,전력 변경,,
Context_Menu_Electric_Change_Desc,,차량의 전력 사용량을 변경합니다. 전력 사용량에 따라 성능 보너스를 받습니다.,,
Context_Menu_Electric_Warning,,"사용량 변경 시, 열차가 과부하 됩니다!",,
Context_Menu_Electric_EngineComp_0,,작동 중지,,
Context_Menu_Electric_EngineComp_1,,이동 속도 -50%,,
Context_Menu_Electric_EngineComp_2,,표준 상태,,
Context_Menu_Electric_EngineComp_3,,이동 속도 +25%,,
Context_Menu_Electric_EngineComp_4,,이동 속도 +50%,,
Context_Menu_Electric_ScrapperComp_0,,작동 중지,,
Context_Menu_Electric_ScrapperComp_1,,드론 이동/채집 속도 -50%,,
Context_Menu_Electric_ScrapperComp_2,,표준 상태,,
Context_Menu_Electric_ScrapperComp_3,,드론 이동/채집 속도 +50%,,
Context_Menu_Electric_ScrapperComp_4,,드론 이동/채집 속도 +100%,,
Context_Menu_Electric_CombatComp_0,,작동 중지,,
Context_Menu_Electric_CombatComp_1,,공격 속도 -50%,,
Context_Menu_Electric_CombatComp_2,,표준 상태,,
Context_Menu_Electric_CombatComp_3,,공격 속도 +50%,,
Context_Menu_Electric_CombatComp_4,,공격 속도 +100%,,
Context_Menu_Electric_UtilityComp_0,,작동 중지,,
Context_Menu_Electric_UtilityComp_1,,버프 제공량 -50%,,
Context_Menu_Electric_UtilityComp_2,,표준 상태,,
Context_Menu_Electric_UtilityComp_3,,버프 제공량 +25%,,
Context_Menu_Electric_UtilityComp_4,,버프 제공량 +50%,,
Enemy_Bombercar,,봄버 카,,
Enemy_BomberCar_Description,,"봄버 카는 주로 방어 시설 파괴에 사용합니다. 이 끔찍한 자폭 병기의 운전자는 집단에서 가장 영광스러운 자리로 추앙되는 것으로 알려져 있지만, 사실은 가장 늙고 쓸모 없는 사람을 선정해 임명합니다",,
Enemy_BomberCar_Flavor,,화약과 기름을 잔뜩 싣고 열차로 돌진하는 자폭 차량입니다.,,
Enemy_CombatRobot_Drill_Name,,드론,,
Enemy_Drone_Description,,"채굴용 드론을 개조한 약탈자들의 드론입니다. 내구도는 빈약하지만, 공격의 위력은 치명적입니다.",,
Enemy_Drone_Flavor,,"채굴용으로 만들어졌던 드론이지만, 이제는 당신의 열차를 채굴합니다.",,
Enemy_Rider,,라이더,,
Enemy_Rider_Description,,주로 전차나 무장한 픽업 트럭과 무리를 지으며 약탈할 대상을 찾아 황무지를 떠돌아다닙니다. 비록 빈약한 내구도와 무장을 지녔지만 작은 마을이나 피난민 무리는 이들로부터 살아남을 수 없습니다.,,
Enemy_Rider_Flavor,,약탈자 무리의 기동 타격부대입니다.,,
Enemy_RoadZeppelin_Description,,"덤프트럭에 거대한 스피커를 조잡하게 붙인 로드 제플린은 황무지의 후예에서 제작한 것으로, 먼 지역에 파견된 약탈자들의 주기적인 예배를 위해 특별 제작되었습니다.",,
Enemy_RoadZeppelin_Flavor,,그들의 기타 리프가 폭풍에 닿기를 바라는 광신도들입니다.,,
Enemy_RoadZeppelin,,로드 재플린,,
Enemy_Scavenger,,약탈자,,
Enemy_Scavenger_Description,,"폭풍이 세상을 한 차례 휩쓸고 간 후, 일부 선택받은 이들은 거대한 돔과 도시를 건설하고 살아남았지만, 선택받지 못한 다수의 빈민들은 총을 들고 약탈에 나섰고, 이제는 거대한 범죄 조직의 일원이 되었습니다.",,
Enemy_Scavenger_Flavor,,"약탈자 무리의 주력 병력입니다. 장비는 구식 소총에, 걸친거라곤 허름한 방탄복 한 벌 뿐입니다.",,
Enemy_Spidertank,,거미 전차,,
Enemy_Spidertank_Description,,"이 보행기계는 사막 횡단 여행의 단골 코스였지만, 폭풍이 불어닥친 후 약탈자들의 저격형 전차로 개조되었습니다. 무한궤도로는 오를 수 없는 지형을 손쉽게 극복하고, 긴 사거리를 이용해 목표물의 방어 시설을 무력화 합니다.",,
Enemy_Spidertank_Flavor,,사막 횡단 로봇을 개조해 만든 보행병기입니다. 저격포를 장착했습니다.,,
Enemy_Tank,,고철 전차,,
Enemy_Tank_Description,,"폭풍의 발생 이후, 이 최신식 전차들은 지하 격납고에 보관되었으나, 문명 세계가 멸망한 후 약탈자들에 의해 이 세상에 다시 나타났습니다.",,
Enemy_Tank_Flavor,,고철을 덕지덕지 붙인 전차입니다.,,
Enemy_WarTruck,,전쟁 트럭,,
Enemy_WarTruck_Description,,"주로 약탈자 라이더들과 무리를 지어 이동합니다. 바이크를 탄 라이더에 비해 우월한 내구도와 화력을 뽐내지만, 이러한 장비는 현재 얼마 남지 않았습니다.",,
Enemy_WarTruck_Flavor,,약탈자 기동 타격 부대의 선봉장입니다.,,
Event_Main_EliteEnemy_Desc,,엘리트 적이 등장합니다.,,
Event_Main_EliteEnemy_Title,,엘리트 적,,
Event_Main_Outpost_Desc,,대규모의 약탈자 전초 기지입니다. 힘든 싸움이 될 것입니다!,,
Event_Main_Outpost_Title,,약탈자 전초 기지,,
Event_Main_OutpostStorage_Desc,,전초 기지의 창고입니다. 다음과 같은 자원이 보관되어 있습니다.,,
Event_Main_OutpostStorage_Title,,전초기지 창고,,
Event_Main_EnemyGroup_Desc,,중간 규모의 적 무리들이 등장합니다.,,
Event_Main_EnemyGroup_Title,,적 무리,,
Event_Main_WanderingMerchant_AttackWarning,,[적대 세력] 떠돌이 상인,,
Event_Main_WanderingMerchant_AttackWarning_Desc,,떠돌이 상인이 공격해옵니다!,,
Event_Main_WanderingMerchant_Desc,,낡고 커다란 트럭을 몰고다니는 떠돌이 상인 로봇입니다. 쓸만한 물건을 팔지도 모릅니다.,,
Event_Main_WanderingMerchant_Title,,떠돌이 상인,,
Event_Main_MassOfResources_Desc,,대량의 자원이 스폰됩니다.,,
Event_Main_MassOfResources_Title,,자원 덩어리,,
Event_Main_Repairshop_Desc,,버려진 정비소입니다. 열차를 수리할 수 있습니다. 더 수색하면 열차를 수리할 회로가 남아 있을지도 모릅니다.,,
Event_Main_Repairshop_Findresource_Desc,,정비소에 남아있는 쓸만한 물건들을 발견했습니다.,,
Event_Main_Repairshop_Findresource_Title,,정비소 추가 보상,,
Event_Main_Repairshop_RepairDecription,,모든 차량이 <b><color=#22da22> 체력을 [A}% 회복</b></color>합니다.,,
Event_Main_Repairshop_Title,,정비소,,
Event_Node_Manipulator_Desc,,기후 위성을 조작할 수 있는 장치입니다. 폭풍을 막기 위한 인류의 수많은 시도 중 하나였습니다. 폭풍의 움직임을 [A] 초간 정지시킵니다.,,
Event_Node_Manipulator_Desc_Broken,,"기후 위성을 조작할 수 있는 장치입니다. 폭풍의 움직임을 [A}초간 정지시킵니다. 발전 장비가 손상되어 작동하지 않지만, 수리를 시도해볼 수 있습니다.",,
Event_Node_Manipulator_Result,,기후 위성 조작기를 가동시켰습니다. 폭풍의 움직임이 잠깐이지만 멈췄습니다.,,
Event_Node_Manipulator_Result_Broken,,기후 위성 조작기를 수리해 가동헀습니다. 폭풍의 움직임이 잠깐이지만 멈췄습니다.,,
Event_Node_Manipulator_Title,,기후 위성 조작기,,
Event_Node_Wreck_Ambush,,적의 함정이었습니다. 매복한 적이 공격해옵니다!,,
Event_Node_Wreck_Desc,,폭풍에 휘말려 파괴된 기계의 잔해입니다. 쓸만한 것을 찾을 수 있을지도 모릅니다.,,
Event_Node_Wreck_Result,,잔해에서 쓸만한 것을 찾았습니다.,,
Event_Node_Wreck_Title,,잔해 더미,,
Event_Node_Wreck_Trash,,쓸만한 것은 없었습니다.,,
Event_Node_WreckDamagedAugment_Desc,,잔해에서 손상된 증강체를 발견했습니다. 수리하면 다시 사용할 수 있을지도 모릅니다.,,
Event_Node_WreckDamagedAugment_Title,,손상된 증강체,,
Event_Node_WreckEnemy_AttackWarning_Desc,,적의 함정이었습니다. 매복한 적이 공격해옵니다!,,
Event_Node_WreckEnemy_AttackWarning_Title,,매복한 적 출현,,
Event_Node_AbandonedScrappingFacility_Desc,,"버려진 자원 채취 시설입니다. 버려지고 녹슬었지만, 쓸만한 것들을 찾을 수 있을지도 모릅니다.",,
Event_Node_AbandonedScrappingFacility_Title,,버려진 채취시설,,
Event_Node_Caravan_Attack_Result,,"""민간인을 공격하다니, <b><color=#ff9595>후회하게 될 거요!</color></b>""",,
Event_Node_Caravan_AttackWarning_Desc,,<b><color=#ff9595>횡단자 집단이 공격해옵니다! 앞으로 모든 횡단자 집단이 당신을 적으로 간주합니다!</color></b>,,
Event_Node_Caravan_AttackWarning_Title,,[적대 세력] 횡단자 집단,,
Event_Node_Caravan_Desc,,"폭풍을 피해 황무지를 횡단하는 민간인 집단입니다. 약탈자들로부터 공격받아 그들의 탈것 일부가 파괴되었습니다. 그들의 리더가 간곡히 부탁합니다.\n ""차량을 수리할 자원을 나눠주시면, 목적지까지 동행하며 함께 싸우겠습니다.""",,
Event_Node_Caravan_Support_Result,,그들의 리더가 감사를 표합니다. 전투원들이 합류합니다.,,
Event_Node_Caravan_Title,,횡단자 집단,,
Event_Node_Caravan_Wreck_PowerStone,,당신이 학살한 횡단자 집단의 유해입니다. 쓸만한 것은 그들의 차량에 남아있던 동력석 뿐입니다.,,
Event_Node_Caravan_Wreck_Resource,,당신이 학살한 횡단자 집단의 유해입니다. 쓸만한 물건이 남아있습니다.,,
Event_Node_DestroyedCar_Desc,,랜덤한 모듈 하나를 파괴된 상태로 획득할 수 있습니다.,,
Event_Node_DestroyedCar_Title,,파괴된 열차,,
Event_Node_EmergencyEscape_Desc,Train Crew,"기장님, 폭풍이 다가오고 있습니다. 엔진에 무리를 주어서라도 열차를 가속해야 합니다.",,
Event_Node_EmergencyEscape_Title,,긴급 탈출,,
Event_Node_Evacuee_AttackWarning_Desc,,<b><color=#ff9595>피난민들이 공격해옵니다!</b></color>,,
Event_Node_Evacuee_AttackWarning_Title,,[적대 세력] 피난민,,
Event_Node_Evacuee_Desc,,"수많은 전투로 인해 생긴 피난민입니다. 수용한다면 동력석 소모량이 +30%되지만, 전력 생산량을 +5 올려줍니다.",,
Event_Node_Evacuee_Title,,피난민,,
Event_Node_MercenarySoldier_Desc,,자원을 소모하여 용병단을 고용할 수 있습니다.,,
Event_Node_MercenarySoldier_Title,,용병단,,
Event_Node_RadiationDepot_Desc,,보안 장치가 설치된 창고입니다. 무리하게 진입 시 방사선 폭발이 발생할 것입니다.,,
Event_Node_RadiationDepot_Title,,보안 창고,,
Event_Node_Rescue_Eileen,,에일린 구출,,
Event_Node_Rescue_Eileen_Complete,Eileen,"구출된 에일린이 감사를 표합니다.
""구해줘서 고마워요. 좁은 곳에 갇혀있는건 끔찍했거든요. 스피어폴로 돌아갈테니 도움이 필요하면 찾아주세요.""
이제 스피어폴에서 스탯 업그레이드를 사용할 수 있습니다.",,
Event_Node_Rescue_Eileen_Desc,Eileen,"격양된 목소리로  누군가 구조 신호를 보내옵니다. 그녀는 자신을 무기 공학자 에일린이라 소개합니다.
""망할 약탈자 놈들에게 납치되어 있어요. 누구라도 좋으니 도와주세요.""
신호의 위치는 전방의 약탈자 전초기지입니다.",,
Event_Node_Rescue_Sigma,,S.I.G.M.A - 3 구출,,
Event_Node_Rescue_Sigma_Complete,SIGMA-3,"구출된 S.I.G.M.A - 3가 감사를 표합니다.
""당신. 인간치고 유능함. 감사 표함. 본 모델. 증강체에 대한 정보 제공 가능. 인간보다 유능함.""
이제 스피어폴에서 증강체 해금을 사용할 수 있습니다.",,
Event_Node_Rescue_Sigma_Desc,SIGMA-3,"무미건조한 목소리로  누군가 구조 신호를 보내옵니다.
""S.I.G.M.A - 3. 신원 미상 집단에게 납치됨. 이들 야만적. 즉시 구조 필요.""
신호의 위치는 전방의 약탈자 전초기지입니다.",,
Event_Node_Rescue_Walford,,윌포드 구출,,
Event_Node_Rescue_Walford_Complete,Wilford,"구출된 월포드가 감사를 표합니다.
""구해주셔서 고맙습니다. 스피어폴로 복귀할테니, 필요하면 나를 찾아주십시오.""
이제 스피어폴에서 주 엔진 해금을 사용할 수 있습니다.",,
Event_Node_Rescue_Walford_Desc,Wilford,"침착한 목소리로 누군가 구조 신호를 보내옵니다. 그는 자신을 스피어폴의 엔지니어인 월포드라 소개합니다.
""신원 미상의 괴한들에게 납치되어 있습니다. 당신이 비무장 상태라면 여기서 즉시 탈출하십시오. 충분한 무장 상태라면 구출을 시도해주십시오.""
신호의 위치는 전방의 약탈자 전초기지입니다.",,
Event_Node_UunidentifiedFactory_Desc,,다양한 물건을 생산하던 공장입니다. 쓸만한 물건을 찾을 수 있을지도 모릅니다.,,
Event_Node_UunidentifiedFactory_Title,,미확인 공장,,
Event_Node_VENUS_Upgrade_AdequateShield_Desc,VENUS,"V.E.N.U.S가 업그레이드를 제안합니다. \n ""기장님의 운행 실력을 분석한 결과,  복합 탄력적 장갑 프로토콜(C.R.A.P) 의 도입이 시급하게 필요합니다.
도입 절차 중에는 보호를 위해 임시 방어막을 활성화하나, 피해를 입을 시 돌이킬 수 없는 손상을 야기할 것입니다."" \n 수락할 경우, 즉시 도입 절차가 시행됩니다.",,
Event_Node_VENUS_Upgrade_AdequateShield_Title,VENUS,"V.E.N.U.S의 업그레이드 제안: 준수한 방어막",,
Event_Node_VENUS_Upgrade_RegenerativeShield_Desc,VENUS,"모든 차량은 최대 체력이 -50%되지만, 최대 체력의 30%인 재생 방어막(베리어)를 획득합니다. \n 재생 방어막은 초당 1씩 회복하며 파괴될 시 15초 쿨다운 후 재생성됩니다.",,
Event_Node_VENUS_Upgrade_RegenerativeShield_Title,VENUS,V.E.N.U.S의 업그레이드 제안: 재생 방어막,,
Event_Node_VENUS_Upgrade_TemporaryShield_Desc,VENUS,"V.E.N.U.S가 업그레이드를 제안합니다. \n ""기장님의 운행 실력을 분석한 결과, 개별 방어 통합 및 방해 기술 (I.D.I.O.T) 도입이 시급하게 필요합니다. \n 도입 절차 중에는 보호를 위해 임시 방어막을 활성화하나, 피해를 입을 시 돌이킬 수 없는 손상을 야기할 것입니다."" \n 수락할 경우, 즉시 도입 절차가 시행됩니다.",,
Event_Node_VENUS_Upgrade_TemporaryShield_Title,VENUS,V.E.N.U.S의 업그레이드 제안: 임시 방어막,,
Event_Node_WanderingMerchant_Wreck,,"착하고 순진한 상인 로봇이 몰고다니던 트럭의 잔해입니다. 지금은 누군가에게 파괴되었지만요. 비록 그는 영원히 사라졌지만, 그가 세상을 돌아다니며 수집했던 물건은 남아 있습니다.",,
Event_Node_WasteModule_Desc,,파괴되어 버려진 모듈입니다. 손상이 심하지 않다면 다시 작동시킬 수 있을지도 모릅니다.,,
Event_Node_WasteModule_Fail,,손상이 심해 수리에 실패했습니다.,,
Event_Node_WasteModule_Result,,차량 수리에 성공했습니다.,,
Event_Node_WasteModule_Title,,버려진 차량,,
Event_Node_WasteModule_Warning,,<b><color=#ff9595>현재 비어있는 차량 기반이 없습니다! 모듈을 수리해도 획득할 수 없습니다! </color></b>,,
Event_Path_AugmentMerchant_AttackWarning_Desc,,<b><color=#ff9595>증강체 상인이 공격해옵니다! 앞으로 모든 상인이 당신을 적으로 간주합니다!</color></b>,,
Event_Path_AugmentMerchant_AttackWarning_Title,,[적대 세력] 증강체 상인,,
Event_Path_AugmentMerchant_Desc,,증강체 보따리를 들고 다니는 상인입니다. 쓸만한 증강체를 팔지도 모릅니다.,,
Event_Path_AugmentMerchant_Title,,증강체 상인,,
Event_Path_AugmentSacrifice_Desc,Train Crew,"“기장님, 열차의 체력이 부족합니다. 증강체 1개를 희생한다면 회복시킬 수 있습니다.”  \n 증강체 1개를 소모해 전체 차량 체력을 20% 회복합니다.",,
Event_Path_AugmentSacrifice_Title,,증강체 희생,,
Event_Path_BrokenTrack_Desc,,"부서진 선로입니다. 수리하지 않고 지나칠 경우, 모든 차량이 데미지를 입습니다",,
Event_Path_BrokenTrack_Title,,부서진 선로,,
Event_Path_GeneratorTrouble_Ignore_Desc,,엔진의 전력 생산량이 [A] 감소합니다.,,
Event_Path_GeneratorTrouble_Ignore_Title,,발전 장치 고장,,
Event_Path_GeneratorTrouble_Repair_Desc,Train Crew,"“기장님, 주 엔진의 발전 장치에 이상이 발생했습니다. \n 즉시 발전 장치의 가동을 멈추고 수리 해야 합니다.”",,
Event_Path_GeneratorTrouble_Repair_Title,,발전 장치 고장,,
Event_Path_GroundbreakingDiscovery_Development_Complite_Desc,Train Crew,"""열차 발전 효율 개선이 완료되었습니다.""",,
Event_Path_GroundbreakingDiscovery_Development_Complite_Title,,획기적인 발견: 발전,,
Event_Path_GroundbreakingDiscovery_Development_Start_Desc,Grace,"“기장님, 연구원 그레이스입니다. \n 열차의 발전 효율을 개선하는 획기적인 방법을 발견했습니다. \n 승인해주시면 VENUS에게 전달하겠습니다.”",,
Event_Path_GroundbreakingDiscovery_Development_Start_Title,,획기적인 발견: 발전,,
Event_Path_GroundbreakingDiscovery_Power_Efficiency_Complite_Desc,VENUS,"""열차 동력 효율 개선이 완료되었습니다.""",,
Event_Path_GroundbreakingDiscovery_Power_Efficiency_Complite_Title,,획기적인 발견: 동력,,
Event_Path_GroundbreakingDiscovery_Power_Efficiency_Start_Desc,Grace,열차의 동력석 소비 효율을 개선하는 획기적인 방법을 발견했습니다. \n 승인해주시면 VENUS에게 전달하겠습니다.”,,
Event_Path_GroundbreakingDiscovery_Power_Efficiency_Start_Title,,획기적인 발견: 동력,,
Event_Path_Resources_Desc,,자원이 스폰됩니다.,,
Event_Path_Resources_Title,,자원,,
Event_Path_Small_Battle_Desc,,소규모의 적 웨이브가 스폰됩니다.,,
Event_Path_Small_Battle_Title,,소규모 전투,,
Event_Path_SolarWind_Desc,,강력한 태양풍이 발생했습니다! 발전 차량의 발전량이 [A]분간 [B] 감소합니다.,,
Event_Path_SolarWind_Title,,태양풍,,
Event_Path_TemporaryImprove_Armor_Desc,Train Crew,"""기장님 강철을 사용하면 일시적으로 방어력을 강화할 수 있습니다."" \n 강철 50개를 소모해 5분간 열차 방어력을 +5 증가시킵니다.",,
Event_Path_TemporaryImprove_Armor_Title,,일시적 강화: 방어력,,
Event_Path_TemporaryImprove_AtkDamage_Desc,Train Crew,"""기장님 강철을 사용하면 일시적으로 공격력을 강화할 수 있습니다."" \n 강철 50개를 소모해 5분간 열차 공격력을 +50% 증가시킵니다.",,
Event_Path_TemporaryImprove_AtkDamage_Title,,일시적 강화: 공격력,,
Loading_001,,선로 위 돌 치우는 중...,,
Loading_002,,녹슨 회로 교체 중...,,
Loading_003,,열차에 페인트 도포 중...,,
Loading_004,,드론 인공지능 개발자 야근 시키는 중...,,
Loading_005,,화장실 청소중...,,
Loading_006,,열차 실내 청소하는 중...,,
Loading_007,,승무원을 AI로 대체하는 중...,,
Loading_008,,승무원 해고 소송 중...,,
Loading_009,,핵심 장비 최저 단가로 협상 중...,,
Loading_010,,창문의 먼지 닦아내는 중...,,
LoadingTip_001,,회로 파손은 각 차량의 체력이 낮을 수록 자주 발생합니다.,,
LoadingTip_002,,차량의 재배치는 전투 중이 아닐 때에만 가능합니다.,,
LoadingTip_003,,미니건 등 연사력이 높은 무기는 방어력이 낮은 적을 상대로 효과적입니다.,,
LoadingTip_004,,방어력이 높은 적은 저격포나 레일건 등 단일 공격력이 높은 방어 수단으로 대응하세요.,,
LoadingTip_005,,전력 공급량에 따라 작동 성능이 달라집니다. 상황에 맞추어 각 차량의 전력 공급량을 조절하세요.,,
LoadingTip_006,,보조 차량의 효과 적용 범위를 조작할 수 있습니다. 필요에 따라 효과 적용 범위를 변경하세요.,,
Message_Caution,,주의 메시지,,
Message_Caution_Engine,,고장: 엔진,,
Message_Caution_Engine_Desc,,열차 이동 속도 [A]% 감소,,
Message_Caution_Environment_AcidRain,,산성비 지대,,
Message_Caution_Environment_AcidRain_Desc,,"방어력이 [A[ 감소하고, 초당 [B]의 피해를 입습니다.",,
Message_Caution_Environment_Blizzard,,한파 지대,,
Message_Caution_Environment_Blizzard_Desc,,공격 속도와 이동속도가 [A]% 감소합니다.,,
Message_Caution_Environment_Crater,,분화 지대,,
Message_Caution_Environment_Crater_Desc,,공격 사거리 [A]% 감소합니다.,,
Message_Caution_Environment_Flame,,고열 지대,,
Message_Caution_Environment_Flame_Desc,,매 초 최대 체력의 [A]%에 해당하는 데미지를 받습니다.,,
Message_Caution_Environment_Fog,,안개 지대,,
Message_Caution_Environment_Fog_Desc,,공격 사거리가 [A}% 감소합니다.,,
Message_Caution_Environment_Magneticstorm,,전자기 폭풍,,
Message_Caution_Environment_Magneticstorm_Desc,,공격 사거리가 [A}% 감소합니다.,,
Message_Caution_Environment_Meteor,,운석 추락 지대,,
Message_Caution_Environment_Meteor_Desc,,운석 파편이 추락할 수 있습니다.,,
Message_Caution_Environment_Mud,,진흙 지대,,
Message_Caution_Environment_Mud_Desc,,"이동 속도가 [A}% 감소하고, 동력석 소모가 [B}% 증가합니다.",,
Message_Caution_Environment_Rainfall,,폭우 지대,,
Message_Caution_Environment_Rainfall_Desc,,이동 속도와 공격 속도가 [A{ 감소합니다.,,
Message_Caution_Environment_Rockslide,,낙석 지대,,
Message_Caution_Environment_Rockslide_Desc,,피해를 주는 낙석이 발생할 수 있습니다.,,
Message_Caution_Environment_Sandstorm,,모래 폭풍,,
Message_Caution_Environment_Sandstorm_Desc,,"공격 사거리와 이동속도가 [A}% 감소하고, 전투 중 회로 파손 확률이 증가합니다.",,
Message_Caution_Environment_Thunder,,낙뢰 지대,,
Message_Caution_Environment_Thunder_Desc,,"전력 생산량이 증가하지만, 전투 중 회로 파손 확률이 증가합니다. 낙뢰가 발생할 수 있습니다.",,
Message_Name_Grace,,연구소장 그레이스,,
Message_Name_Scott,,총독 스콧,,
Message_Name_Venus,,V.E.N.U.S,,
Message_Notice,,알림 메시지,,
Message_Notice_Add_EmptyCar,VENUS,차량 보유 최대치가 증가했습니다.,,
Message_Notice_AttackShop,VENUS,이제 상인이 당신을 적으로 간주합니다.,,
Message_Notice_Barriacde,VENUS,전방에 적의 바리케이드를 감지했습니다.,,
Message_Notice_Barriacde_Collision,VENUS,바리케이드와의 충돌로 엔진이 손상되었습니다.,,
Message_Notice_Build_Complete,VENUS,[A]번 차량의 건설이 완료되었습니다.,,
Message_Notice_Demolition_Complete,VENUS,[A]번 차량의 철거가 완료되었습니다.,,
Message_Notice_Electric_Overload_title,,전력 과부하,,
Message_Notice_Electric_Overload,,열차의 전력이 과부하되었습니다.차량의 전기 사용량을 조정하세요.,,
Message_Notice_Environment_AcidRain,VENUS,산성비 지대에 진입했습니다. 산에 의한 부식에 주의하십시오.,,
Message_Notice_Environment_Blizzard,VENUS,한파 지대에 진입했습니다. 한파로 인한 성능 저하가 발생합니다.,,
Message_Notice_Environment_Crater,VENUS,분화 지대에 진입했습니다. 화산재로 인해 센서의 감지 범위가 축소됩니다.,,
Message_Notice_Environment_Flame,VENUS,고열 지대에 진입했습니다. 고열로 인한 피해가 발생합니다.,,
Message_Notice_Environment_Fog,VENUS,안개 지대에 진입했습니다. 각 차량 센서의 감지 범위가 축소됩니다.,,
Message_Notice_Environment_Greatstorm,VENUS,경고: 폭풍과의 거리가 가깝습니다.,,
Message_Notice_Environment_Magneticstorm,VENUS,전자기 폭풍 지대에 진입했습니다. 보호막과 회로 파손에 주의하십시오.,,
Message_Notice_Environment_Meteor,VENUS,운석 추락 지대에 진입했습니다. 운석 파편의 낙하를 주의하십시오.,,
Message_Notice_Environment_Mud,VENUS,진흙 지대에 진입했습니다. 이동에 제약이 발생할 수 있습니다.,,
Message_Notice_Environment_Rainfall,VENUS,폭우 지대에 진입했습니다. 많은 비로 인해 이동에 제약이 발생할 수 있습니다.,,
Message_Notice_Environment_Rockslide,VENUS,낙석 지대에 진입했습니다. 낙석을 주의하십시오.,,
Message_Notice_Environment_Sandstorm,VENUS,<b><color=FFC400>모래 폭풍</color></b>에 진입했습니다. 차량에 <b><color=#ff9595>지속적인 손상</color></b>을 유발합니다.,,
Message_Notice_Environment_Thunder,VENUS,낙뢰 지대에 진입했습니다. 전력 생산 효율이 증가하나 회로 파손의 가능성을 높입니다.,,
Message_Notice_Lowhealth,VENUS,주 엔진의 내구도가 위험한 상태입니다. 수리를 진행하십시오.,,
Message_Notice_LowPower,VENUS,동력석이 부족합니다. 동력석을 채취하십시오.,,
Message_Notice_NotEnoughtResource,VENUS,필요한 자원이 부족합니다.,,
Message_Notice_Recived,VENUS,수신된 메시지가 있습니다.,,
Message_Notice_Record,VENUS,장치에서 녹음 기록을 발견했습니다.,,
Message_Notice_Record_Stop,VENUS,재생을 중지합니다.,,
Message_Notice_Repair_Complete,VENUS,[A]번 차량의 수리가 완료되었습니다.,,
Message_Notice_Underattack,VENUS,열차가 공격받고 있습니다.,,
Message_Notice_Upgrade_01_001,VENUS,충분한 출력을 감지했습니다. 비활성된 기능을 활성화합니다.,,
Message_Notice_Upgrade_01_002,VENUS,이제 새로운 타입의 차량을 건설할 수 있습니다.,,
Message_Notice_Upgrade_01_003,VENUS,비눗방울 발사 기능 및 콜라 자동 리필 기능 또한 사용 가능합니다.,,
Message_Notice_Upgrade_Complete,VENUS,[A]번 차량의 업그레이드가 완료되었습니다.,,
Message_Warning_Damage_Derailment,,탈선,,
Message_Warning_Damage_Derailment_Desc,,차량 이동 불가능,,
Message_Warning_Damage_Engine,,엔진 파열,,
Message_Warning_Damage_Engine_Desc,,열차의 이동 속도 [A]% 감소,,
Message_Warning_Damage_PowerStoneSupply,,동력석 공급기 파열,,
Message_Warning_Damage_PowerStoneSupply_Desc,,모든 차량의 동력석 소모량 [A]% 증가,,
Message_Warning_Damage_Reload,,장전 장치 파열,,
Message_Warning_Damage_Reload_Desc,,전투 차량의 공격 속도 [A]% 감소,,
Message_Warning_Damage_Repair,,수리 시스템 고장,,
Message_Warning_Damage_Repair_Desc,,일부 차량 수리 불가능,,
Message_Warning_Damage_Suspension,,완충장치 파열,,
Message_Warning_Damage_Suspension_Desc,,전투 차량의 사거리 [A]% 감소,,
Message_Warning_Damage_Upgrade,,업그레이드 시스템 고장,,
Message_Warning_Damage_Upgrade_Desc,,일부 차량 업그레이드 불가능,,
Message_Warning_Lowhealth,,주 엔진 손상,,
Message_Warning_Lowhealth_Desc,,주 엔진의 내구도가 위험한 상태입니다!,,
Message_Warning_LowPower,,동력석 부족,,
Message_Warning_LowPower_Desc,,[A]초 후 동력석이 고갈됩니다!,,
Message_Warning_NPCState_Enermy,,[A]가 당신을 적대합니다. 이제 모든 [A]가 당신을 공격할 것입니다!,,
Message_Warning_Storm,,폭풍에 진입했습니다. 즉시 탈출하십시오!,,
Popup_Tutorial_001,,<key_movetoggle>키로 열차의 이동/정지가 가능합니다.,,
Popup_Tutorial_002,,자원을 소모하여 열차를 증설할 수 있습니다.,,
Popup_Tutorial_003,,자원을 소모하여 열차를 업그레이드 할 수 있습니다.,,
Popup_Tutorial_004,,적을 처치하면 확률적으로 회로를 획득할 수 있습니다.,,
Popup_Tutorial_005,,"<key_map>키를 눌러 미니맵을 확인하고, 경로를 변경할 수 있습니다.",,
Popup_Tutorial_006,,"적의 바리케이드에 충돌 시, 큰 피해를 입고 열차에 이상 현상이 발생합니다.",,
Popup_Tutorial_007,,"인공지능의 이름 V.E.N.U.S는 ""Very Excellent Navigation and Utility System"" 이라는 뜻입니다.",,
Resource_Adamantine,,아다만틴,,
Resource_Adamantine_Desc,,"희귀한 자원으로, 상위 차량을 업그레이드 할 때 사용됩니다.",,
Resource_Circuit,,회로,,
Resource_Circuit_Desc,,"적을 처치했을 때 확률적으로 획득하는 자원으로, 업그레이드 및 회로 파손 수리에 사용됩니다.",,
Resource_Iron,,강철,,
Resource_Iron_Desc,,"기본적인 자원으로, 차량의 건설과 거래에 사용됩니다.",,
Resource_Mithril,,미스릴,,
Resource_Mithril_Desc,,"희귀한 자원으로, 중급 차량을 업그레이드 할 때 사용됩니다.",,
Resource_PowerStone,,동력석,,
Resource_PowerStone_Desc,,열차를 작동시키는데에 필요한 동력석입니다.,,
Resource_RestoreCore,,복구 코어,,
Resource_RestoreCore_Desc,,"강력한 적을 처치했을 때 희귀하게 얻을 수 있는 자원으로, 파괴된 차량의 복구에 사용됩니다.",,
Resource_Titanium,,티타늄,,
Resource_Titanium_Desc,,"희귀한 자원으로, 차량을 업그레이드할 때 사용됩니다.",,
Result_Augment,,소지한 증강체 수,,
Result_Augment_Num,,[A],,
Result_Car,,소지한 차량 수,,
Result_Car_Num,,[A],,
Result_Challenge,,즉시 재도전,,
Result_Confirm,,확인,,
Result_Fail,,탐사 실패,,
Result_Kill,,처치한 적 수,,
Result_Reason,,파괴 원인,,
Result_Research,,획득한 연구 포인트,,
Result_Score,,총 점수,,
Result_Success,,탐사 성공,,
Result_Time,,탐사 시간,,
System_Common_Confirm,,확인,,
System_Common_Select,,선택,,
System_Common_Skip,,건너뛰기,,
System_Detail_Information_Toggle,,세부 정보 토글,,
System_Detail_Information_Toggle_Default,,기본 상태,,
System_Detail_Information_Toggle_Default_Overload,,과부하 유무,,
System_Detail_Information_Toggle_Default_Powerstone,,동력석 소비 총량,,
System_Detail_Information_Toggle_Electronic,,전력 표시,,
System_Detail_Information_Toggle_Electronic_Consume,,전력 소비량,,
System_Detail_Information_Toggle_Electronic_Income,,전력 생산량,,
System_Detail_Information_Toggle_Electronic_Remain,,잔여 전력,,
System_Detail_Information_Toggle_Electronic_Mode,,전력 모드,,
System_Detail_Information_Toggle_Electronic_Inactive,,비활성,,
System_Detail_Information_Toggle_Electronic_Low,,저출력,,
System_Detail_Information_Toggle_Electronic_Standard,,표준출력,,
System_Detail_Information_Toggle_Electronic_High,,고출력,,
System_Detail_Information_Toggle_Electronic_Max,,최대출력,,
System_Detail_Information_Toggle_Powerstone,,동력석 표시,,
System_Detail_Information_Toggle_Powerstone_Car_Num,,차량 수,,
System_Detail_Information_Toggle_Powerstone_Consume,,동력석 (초당) 총 소비량,,
System_Detail_Information_Toggle_Powerstone_Timer,,동력석 소모 잔여시간,,
System_Event_Default_Description,,이벤트 설명,,
System_Event_Default_Name,,이벤트 이름,,
System_Gameover,,게임 오버,,
System_Option_Audio,,오디오,,
System_Option_Audio_EffectVolume,,효과음 음량,,
System_Option_Audio_MasterVolume,,마스터 음량,,
System_Option_Audio_MusicVolume,,배경음 음량,,
System_Option_Control,,컨트롤,,
System_Option_Control_Cancel_Back,,취소 / 돌아가기,,
System_Option_Control_Confirm_Interact,,확인 / 상호작용,,
System_Option_Control_Preset_1,,프리셋 1,,
System_Option_Control_Preset_2,,프리셋 2,,
System_Option_Control_Preset_3,,프리셋 3,,
System_Option_General,,일반,,
System_Option_General_Language,,언어,,
System_Option_Graphics,,그래픽,,
System_Option_Graphics_FullScreen,,전체창 모드,,
System_Option_Graphics_Resolution,,해상도,,
System_Option_Graphics_Vsync,,Vsync(수직 동기화),,
System_Pause,,일시 정지,,
System_Pause_Continue,,계속하기,,
System_Pause_Desktop,,<key_interaction>을 눌러 상호작용,,
System_Pause_End,,게임 종료,,
System_Pause_Menu,,메뉴로,,
System_Pause_Resume,,계속하기,,
System_Pause_Setting,,설정,,
System_Pause_Title,,타이틀로 나가기,,
System_Title_Credit,,제작진,,
System_Title_Exit,,게임 종료,,
System_Title_Feedback,,피드백 작성,,
System_Title_Option,,옵션,,
System_Title_Start,,게임 시작,,
System_Unlock,,해금됨,,
System_Path_Guidance,,진행할 선로를 선택하세요.,,
System_Path_PathSelect,,선택지 이동 : <key_left> / <key_right>,,
System_Path_PathConfirm,,확인 : <key_confirm>,,
System_Path_CurrentPath,,현재 선택된 경로: ,,
UnitStat_Armor,,방어력,,
UnitStat_AttackDistance,,사거리,,
UnitStat_AttackSpeed,,공격 속도,,
UnitStat_Damage,,공격력,,
UnitStat_Health,,내구도,,
Unlock,,해금!,,
Unlock_Confirm,,확인,,
Unlock_Confirm_Desc,,스킵하려면 <key_interaction>를 홀드하세요.,,
Unlock_Desc,,다음 항목이 해금 되었습니다. ([A] / [B]),,
Upgrade_Lock_1,,주 엔진 1강 이상 업그래이드 필요,,
Upgrade_Lock_2,,주 엔진 2강 이상 업그래이드 필요,,
Upgrade_Lock_3,,주 엔진 3강 이상 업그래이드 필요,,